Date;Category
30.12.2024;Sport
30.12.2024;Mobile Unit
29.12.2024;Arts/Culture
29.12.2024;Mobile Unit
28.12.2024;Saturday Night Lights
28.12.2024;Saturday Night Lights
28.12.2024;Saturday Night Lights
28.12.2024;Family Festival
28.12.2024;Sport
28.12.2024;Academics/Out of School Time
28.12.2024;Sport
28.12.2024;Mobile Unit
28.12.2024;Mobile Unit
28.12.2024;Arts/Culture
28.12.2024;Saturday Night Lights
28.12.2024;Sport
28.12.2024;Saturday Night Lights
28.12.2024;Performance
28.12.2024;Fitness
27.12.2024;Mobile Unit
23.12.2024;Sport
22.12.2024;Mobile Unit
22.12.2024;Arts/Culture
22.12.2024;Mobile Unit
21.12.2024;Mobile Unit
21.12.2024;Sport
21.12.2024;Saturday Night Lights
21.12.2024;Mobile Unit
21.12.2024;Sport
21.12.2024;Family Festival
21.12.2024;Arts/Culture
21.12.2024;Mobile Unit
21.12.2024;Family Festival
21.12.2024;Saturday Night Lights
21.12.2024;Mobile Unit
21.12.2024;Mobile Unit
21.12.2024;Saturday Night Lights
21.12.2024;Mobile Unit
21.12.2024;Mobile Unit
21.12.2024;Saturday Night Lights
21.12.2024;Saturday Night Lights
20.12.2024;Arts/Culture
19.12.2024;Sport
19.12.2024;Fitness
19.12.2024;Family Festival
18.12.2024;Saturday Night Lights
16.12.2024;Mobile Unit
15.12.2024;Arts/Culture
15.12.2024;Mobile Unit
15.12.2024;Saturday Night Lights
15.12.2024;Mobile Unit
15.12.2024;Saturday Night Lights
14.12.2024;Fitness
14.12.2024;Mobile Unit
14.12.2024;Mobile Unit
14.12.2024;Saturday Night Lights
14.12.2024;Saturday Night Lights
14.12.2024;Mobile Unit
14.12.2024;Family Festival
14.12.2024;Saturday Night Lights
14.12.2024;Fitness
14.12.2024;Arts/Culture
14.12.2024;Sport
14.12.2024;Arts/Culture
14.12.2024;Mobile Unit
14.12.2024;Mobile Unit
14.12.2024;Mobile Unit
14.12.2024;Arts/Culture
13.12.2024;Sport
13.12.2024;Arts/Culture
13.12.2024;Family Festival
13.12.2024;Mobile Unit
11.12.2024;Arts/Culture
11.12.2024;Saturday Night Lights
9.12.2024;Saturday Night Lights
8.12.2024;Arts/Culture
8.12.2024;Mobile Unit
7.12.2024;Saturday Night Lights
7.12.2024;Fitness
7.12.2024;Saturday Night Lights
7.12.2024;Saturday Night Lights
7.12.2024;Mobile Unit
7.12.2024;Saturday Night Lights
7.12.2024;Mobile Unit
7.12.2024;Saturday Night Lights
7.12.2024;Saturday Night Lights
7.12.2024;Saturday Night Lights
7.12.2024;Saturday Night Lights
7.12.2024;Arts/Culture
7.12.2024;Saturday Night Lights
7.12.2024;Sport
7.12.2024;Mobile Unit
7.12.2024;Mobile Unit
7.12.2024;Saturday Night Lights
7.12.2024;Family Festival
7.12.2024;Mobile Unit
7.12.2024;Mobile Unit
6.12.2024;Mobile Unit
6.12.2024;Mobile Unit
6.12.2024;Saturday Night Lights
6.12.2024;Mobile Unit
5.12.2024;Mobile Unit
2.12.2024;Saturday Night Lights
1.12.2024;Mobile Unit
30.11.2024;Mobile Unit
30.11.2024;Mobile Unit
30.11.2024;Mobile Unit
30.11.2024;Saturday Night Lights
30.11.2024;Saturday Night Lights
30.11.2024;Sport
30.11.2024;Arts/Culture
30.11.2024;Arts/Culture
30.11.2024;Saturday Night Lights
30.11.2024;Academics/Out of School Time
30.11.2024;Performance
30.11.2024;Mobile Unit
30.11.2024;Saturday Night Lights
30.11.2024;Mobile Unit
30.11.2024;Saturday Night Lights
30.11.2024;Sport
27.11.2024;Mobile Unit
27.11.2024;Mobile Unit
27.11.2024;Mobile Unit
26.11.2024;Saturday Night Lights
25.11.2024;Saturday Night Lights
24.11.2024;Sport
23.11.2024;Mobile Unit
23.11.2024;Sport
23.11.2024;Mobile Unit
23.11.2024;Sport
23.11.2024;Mobile Unit
23.11.2024;Saturday Night Lights
23.11.2024;Mobile Unit
23.11.2024;Saturday Night Lights
23.11.2024;Arts/Culture
23.11.2024;Saturday Night Lights
23.11.2024;Family Festival
23.11.2024;Mobile Unit
23.11.2024;Mobile Unit
23.11.2024;Fitness
23.11.2024;Academics/Out of School Time
23.11.2024;Arts/Culture
23.11.2024;Sport
23.11.2024;Mobile Unit
23.11.2024;Saturday Night Lights
21.11.2024;Fitness
20.11.2024;Saturday Night Lights
19.11.2024;Saturday Night Lights
19.11.2024;Sport
19.11.2024;Family Festival
19.11.2024;Saturday Night Lights
17.11.2024;Mobile Unit
17.11.2024;Fitness
16.11.2024;Saturday Night Lights
16.11.2024;Fitness
16.11.2024;Arts/Culture
16.11.2024;Family Festival
16.11.2024;Mobile Unit
16.11.2024;Mobile Unit
16.11.2024;Family Festival
16.11.2024;Arts/Culture
16.11.2024;Saturday Night Lights
16.11.2024;Saturday Night Lights
16.11.2024;Saturday Night Lights
16.11.2024;Academics/Out of School Time
16.11.2024;Saturday Night Lights
16.11.2024;Saturday Night Lights
16.11.2024;Family Festival
16.11.2024;Saturday Night Lights
16.11.2024;Sport
16.11.2024;Family Festival
16.11.2024;Fitness
15.11.2024;Mobile Unit
15.11.2024;Fitness
15.11.2024;Sport
14.11.2024;Sport
14.11.2024;Saturday Night Lights
14.11.2024;Family Festival
13.11.2024;Saturday Night Lights
13.11.2024;Saturday Night Lights
12.11.2024;Sport
11.11.2024;Sport
10.11.2024;Sport
9.11.2024;Performance
9.11.2024;Sport
9.11.2024;Saturday Night Lights
9.11.2024;Mobile Unit
9.11.2024;Saturday Night Lights
9.11.2024;Mobile Unit
9.11.2024;Mobile Unit
9.11.2024;Mobile Unit
9.11.2024;Mobile Unit
9.11.2024;Mobile Unit
9.11.2024;Saturday Night Lights
9.11.2024;Mobile Unit
9.11.2024;Fitness
9.11.2024;Sport
9.11.2024;Saturday Night Lights
9.11.2024;Saturday Night Lights
7.11.2024;Family Festival
7.11.2024;Mobile Unit
7.11.2024;Arts/Culture
5.11.2024;Mobile Unit
3.11.2024;Saturday Night Lights
2.11.2024;Saturday Night Lights
2.11.2024;Saturday Night Lights
2.11.2024;Mobile Unit
2.11.2024;Saturday Night Lights
2.11.2024;Saturday Night Lights
2.11.2024;Saturday Night Lights
2.11.2024;Mobile Unit
2.11.2024;Saturday Night Lights
2.11.2024;Sport
2.11.2024;Sport
2.11.2024;Mobile Unit
2.11.2024;Arts/Culture
2.11.2024;Sport
2.11.2024;Family Festival
2.11.2024;Mobile Unit
2.11.2024;Saturday Night Lights
2.11.2024;Saturday Night Lights
2.11.2024;Mobile Unit
2.11.2024;Saturday Night Lights
1.11.2024;Mobile Unit
1.11.2024;Sport
1.11.2024;Mobile Unit
31.10.2024;Saturday Night Lights
31.10.2024;Mobile Unit
31.10.2024;Mobile Unit
31.10.2024;Saturday Night Lights
31.10.2024;Mobile Unit
31.10.2024;Saturday Night Lights
30.10.2024;Family Festival
30.10.2024;Saturday Night Lights
30.10.2024;Saturday Night Lights
30.10.2024;Sport
29.10.2024;Saturday Night Lights
29.10.2024;Saturday Night Lights
29.10.2024;Mobile Unit
27.10.2024;Sport
26.10.2024;Mobile Unit
26.10.2024;Mobile Unit
26.10.2024;Sport
26.10.2024;Mobile Unit
26.10.2024;Mobile Unit
26.10.2024;Saturday Night Lights
26.10.2024;Sport
26.10.2024;Fitness
26.10.2024;Saturday Night Lights
26.10.2024;Saturday Night Lights
26.10.2024;Performance
26.10.2024;Mobile Unit
26.10.2024;Mobile Unit
26.10.2024;Saturday Night Lights
26.10.2024;Sport
26.10.2024;Saturday Night Lights
26.10.2024;Saturday Night Lights
26.10.2024;Sport
26.10.2024;Sport
26.10.2024;Saturday Night Lights
26.10.2024;Saturday Night Lights
26.10.2024;Saturday Night Lights
26.10.2024;Sport
26.10.2024;Saturday Night Lights
26.10.2024;Family Festival
26.10.2024;Fitness
26.10.2024;Arts/Culture
26.10.2024;Sport
26.10.2024;Saturday Night Lights
25.10.2024;Sport
25.10.2024;Mobile Unit
25.10.2024;Arts/Culture
25.10.2024;Saturday Night Lights
25.10.2024;Saturday Night Lights
25.10.2024;Arts/Culture
25.10.2024;Fitness
25.10.2024;Sport
25.10.2024;Saturday Night Lights
24.10.2024;Arts/Culture
24.10.2024;Saturday Night Lights
24.10.2024;Sport
24.10.2024;Saturday Night Lights
24.10.2024;Saturday Night Lights
23.10.2024;Saturday Night Lights
23.10.2024;Saturday Night Lights
22.10.2024;Arts/Culture
21.10.2024;Mobile Unit
20.10.2024;Sport
19.10.2024;Sport
19.10.2024;Saturday Night Lights
19.10.2024;Arts/Culture
19.10.2024;Saturday Night Lights
19.10.2024;Mobile Unit
19.10.2024;Saturday Night Lights
19.10.2024;Saturday Night Lights
19.10.2024;Saturday Night Lights
19.10.2024;Saturday Night Lights
19.10.2024;Mobile Unit
19.10.2024;Mobile Unit
19.10.2024;Saturday Night Lights
19.10.2024;Family Festival
19.10.2024;Mobile Unit
19.10.2024;Mobile Unit
19.10.2024;Mobile Unit
19.10.2024;Saturday Night Lights
19.10.2024;Saturday Night Lights
19.10.2024;Saturday Night Lights
19.10.2024;Mobile Unit
19.10.2024;Mobile Unit
19.10.2024;Mobile Unit
19.10.2024;Saturday Night Lights
19.10.2024;Sport
18.10.2024;Saturday Night Lights
18.10.2024;Saturday Night Lights
18.10.2024;Arts/Culture
18.10.2024;Mobile Unit
18.10.2024;Saturday Night Lights
18.10.2024;Saturday Night Lights
18.10.2024;Saturday Night Lights
17.10.2024;Mobile Unit
17.10.2024;Saturday Night Lights
16.10.2024;Saturday Night Lights
16.10.2024;Fitness
15.10.2024;Sport
14.10.2024;Mobile Unit
13.10.2024;Family Festival
12.10.2024;Arts/Culture
12.10.2024;Mobile Unit
12.10.2024;Mobile Unit
12.10.2024;Sport
12.10.2024;Mobile Unit
12.10.2024;Saturday Night Lights
12.10.2024;Mobile Unit
12.10.2024;Mobile Unit
12.10.2024;Mobile Unit
12.10.2024;Arts/Culture
12.10.2024;Family Festival
12.10.2024;Sport
12.10.2024;Saturday Night Lights
12.10.2024;Mobile Unit
12.10.2024;Sport
12.10.2024;Saturday Night Lights
12.10.2024;Fitness
12.10.2024;Saturday Night Lights
12.10.2024;Mobile Unit
12.10.2024;Mobile Unit
12.10.2024;Mobile Unit
12.10.2024;Mobile Unit
11.10.2024;Mobile Unit
11.10.2024;Mobile Unit
11.10.2024;Saturday Night Lights
11.10.2024;Arts/Culture
11.10.2024;Mobile Unit
10.10.2024;Saturday Night Lights
10.10.2024;Arts/Culture
10.10.2024;Mobile Unit
10.10.2024;Arts/Culture
10.10.2024;Mobile Unit
10.10.2024;Sport
10.10.2024;Sport
10.10.2024;Mobile Unit
8.10.2024;Saturday Night Lights
5.10.2024;Saturday Night Lights
5.10.2024;Saturday Night Lights
5.10.2024;Arts/Culture
5.10.2024;Sport
5.10.2024;Arts/Culture
5.10.2024;Performance
5.10.2024;Arts/Culture
5.10.2024;Family Festival
5.10.2024;Saturday Night Lights
5.10.2024;Saturday Night Lights
5.10.2024;Mobile Unit
5.10.2024;Saturday Night Lights
5.10.2024;Saturday Night Lights
5.10.2024;Sport
5.10.2024;Arts/Culture
5.10.2024;Mobile Unit
5.10.2024;Saturday Night Lights
5.10.2024;Saturday Night Lights
5.10.2024;Saturday Night Lights
5.10.2024;Saturday Night Lights
5.10.2024;Saturday Night Lights
5.10.2024;Sport
5.10.2024;Mobile Unit
5.10.2024;Arts/Culture
5.10.2024;Saturday Night Lights
5.10.2024;Saturday Night Lights
5.10.2024;Saturday Night Lights
4.10.2024;Performance
4.10.2024;Saturday Night Lights
4.10.2024;Mobile Unit
4.10.2024;Saturday Night Lights
4.10.2024;Mobile Unit
4.10.2024;Fitness
4.10.2024;Mobile Unit
4.10.2024;Saturday Night Lights
4.10.2024;Mobile Unit
4.10.2024;Saturday Night Lights
4.10.2024;Family Festival
3.10.2024;Arts/Culture
3.10.2024;Saturday Night Lights
3.10.2024;Saturday Night Lights
2.10.2024;Sport
2.10.2024;Saturday Night Lights
2.10.2024;Mobile Unit
1.10.2024;Saturday Night Lights
28.09.2024;Mobile Unit
28.09.2024;Saturday Night Lights
28.09.2024;Saturday Night Lights
28.09.2024;Mobile Unit
28.09.2024;Mobile Unit
28.09.2024;Sport
28.09.2024;Arts/Culture
28.09.2024;Saturday Night Lights
28.09.2024;Saturday Night Lights
28.09.2024;Mobile Unit
28.09.2024;Mobile Unit
28.09.2024;Saturday Night Lights
28.09.2024;Saturday Night Lights
28.09.2024;Mobile Unit
28.09.2024;Arts/Culture
28.09.2024;Saturday Night Lights
28.09.2024;Mobile Unit
28.09.2024;Mobile Unit
28.09.2024;Saturday Night Lights
27.09.2024;Mobile Unit
27.09.2024;Sport
27.09.2024;Arts/Culture
27.09.2024;Mobile Unit
27.09.2024;Arts/Culture
27.09.2024;Sport
27.09.2024;Saturday Night Lights
27.09.2024;Mobile Unit
27.09.2024;Mobile Unit
27.09.2024;Saturday Night Lights
27.09.2024;Saturday Night Lights
26.09.2024;Fitness
26.09.2024;Saturday Night Lights
26.09.2024;Saturday Night Lights
26.09.2024;Saturday Night Lights
25.09.2024;Saturday Night Lights
25.09.2024;Saturday Night Lights
22.09.2024;Saturday Night Lights
21.09.2024;Arts/Culture
21.09.2024;Saturday Night Lights
21.09.2024;Saturday Night Lights
21.09.2024;Mobile Unit
21.09.2024;Fitness
21.09.2024;Mobile Unit
21.09.2024;Arts/Culture
21.09.2024;Saturday Night Lights
21.09.2024;Family Festival
21.09.2024;Mobile Unit
21.09.2024;Saturday Night Lights
21.09.2024;Saturday Night Lights
21.09.2024;Family Festival
21.09.2024;Fitness
21.09.2024;Mobile Unit
21.09.2024;Mobile Unit
21.09.2024;Sport
21.09.2024;Arts/Culture
21.09.2024;Saturday Night Lights
21.09.2024;Mobile Unit
21.09.2024;Saturday Night Lights
21.09.2024;Saturday Night Lights
21.09.2024;Sport
21.09.2024;Family Festival
21.09.2024;Mobile Unit
20.09.2024;Saturday Night Lights
20.09.2024;Saturday Night Lights
20.09.2024;Mobile Unit
20.09.2024;Mobile Unit
20.09.2024;Mobile Unit
20.09.2024;Mobile Unit
20.09.2024;Mobile Unit
20.09.2024;Saturday Night Lights
20.09.2024;Sport
20.09.2024;Saturday Night Lights
20.09.2024;Saturday Night Lights
20.09.2024;Mobile Unit
19.09.2024;Arts/Culture
19.09.2024;Saturday Night Lights
19.09.2024;Sport
19.09.2024;Mobile Unit
19.09.2024;Mobile Unit
19.09.2024;Saturday Night Lights
19.09.2024;Saturday Night Lights
19.09.2024;Saturday Night Lights
18.09.2024;Sport
18.09.2024;Saturday Night Lights
18.09.2024;Mobile Unit
17.09.2024;Mobile Unit
17.09.2024;Mobile Unit
17.09.2024;Mobile Unit
17.09.2024;Saturday Night Lights
17.09.2024;Saturday Night Lights
15.09.2024;Saturday Night Lights
14.09.2024;Mobile Unit
14.09.2024;Mobile Unit
14.09.2024;Mobile Unit
14.09.2024;Sport
14.09.2024;Arts/Culture
14.09.2024;Sport
14.09.2024;Fitness
14.09.2024;Sport
14.09.2024;Saturday Night Lights
14.09.2024;Sport
14.09.2024;Saturday Night Lights
14.09.2024;Saturday Night Lights
14.09.2024;Saturday Night Lights
14.09.2024;Mobile Unit
14.09.2024;Mobile Unit
14.09.2024;Sport
14.09.2024;Mobile Unit
14.09.2024;Sport
14.09.2024;Mobile Unit
14.09.2024;Saturday Night Lights
14.09.2024;Saturday Night Lights
14.09.2024;Saturday Night Lights
13.09.2024;Saturday Night Lights
13.09.2024;Saturday Night Lights
13.09.2024;Mobile Unit
13.09.2024;Sport
13.09.2024;Mobile Unit
13.09.2024;Saturday Night Lights
13.09.2024;Sport
13.09.2024;Sport
13.09.2024;Saturday Night Lights
13.09.2024;Arts/Culture
12.09.2024;Sport
12.09.2024;Sport
12.09.2024;Saturday Night Lights
12.09.2024;Saturday Night Lights
12.09.2024;Saturday Night Lights
11.09.2024;Saturday Night Lights
10.09.2024;Sport
10.09.2024;Saturday Night Lights
10.09.2024;Sport
7.09.2024;Mobile Unit
7.09.2024;Fitness
7.09.2024;Arts/Culture
7.09.2024;Performance
7.09.2024;Saturday Night Lights
7.09.2024;Mobile Unit
7.09.2024;Sport
7.09.2024;Saturday Night Lights
7.09.2024;Saturday Night Lights
7.09.2024;Sport
7.09.2024;Saturday Night Lights
7.09.2024;Saturday Night Lights
7.09.2024;Saturday Night Lights
7.09.2024;Mobile Unit
7.09.2024;Saturday Night Lights
7.09.2024;Saturday Night Lights
7.09.2024;Sport
7.09.2024;Saturday Night Lights
7.09.2024;Saturday Night Lights
7.09.2024;Sport
7.09.2024;Nature
7.09.2024;Mobile Unit
7.09.2024;Fitness
6.09.2024;Saturday Night Lights
6.09.2024;Saturday Night Lights
6.09.2024;Mobile Unit
6.09.2024;Saturday Night Lights
6.09.2024;Arts/Culture
6.09.2024;Mobile Unit
6.09.2024;Mobile Unit
6.09.2024;Arts/Culture
5.09.2024;Mobile Unit
5.09.2024;Mobile Unit
5.09.2024;Family Festival
5.09.2024;Sport
5.09.2024;Performance
5.09.2024;Saturday Night Lights
5.09.2024;Saturday Night Lights
4.09.2024;Saturday Night Lights
4.09.2024;Mobile Unit
4.09.2024;Saturday Night Lights
4.09.2024;Sport
4.09.2024;Family Festival
4.09.2024;Sport
4.09.2024;Saturday Night Lights
4.09.2024;Arts/Culture
4.09.2024;Mobile Unit
3.09.2024;Mobile Unit
3.09.2024;Fitness
1.09.2024;Saturday Night Lights
31.08.2024;Saturday Night Lights
31.08.2024;Saturday Night Lights
31.08.2024;Sport
31.08.2024;Arts/Culture
31.08.2024;Arts/Culture
31.08.2024;Sport
31.08.2024;Mobile Unit
31.08.2024;Mobile Unit
31.08.2024;Mobile Unit
31.08.2024;Saturday Night Lights
31.08.2024;Mobile Unit
31.08.2024;Saturday Night Lights
31.08.2024;Arts/Culture
31.08.2024;Arts/Culture
31.08.2024;Saturday Night Lights
31.08.2024;Saturday Night Lights
31.08.2024;Fitness
31.08.2024;Saturday Night Lights
31.08.2024;Mobile Unit
31.08.2024;Mobile Unit
30.08.2024;Family Festival
30.08.2024;Sport
30.08.2024;Mobile Unit
30.08.2024;Mobile Unit
30.08.2024;Mobile Unit
30.08.2024;Sport
30.08.2024;Mobile Unit
30.08.2024;Mobile Unit
29.08.2024;Sport
29.08.2024;Saturday Night Lights
29.08.2024;Mobile Unit
29.08.2024;Sport
29.08.2024;Mobile Unit
29.08.2024;Academics/Out of School Time
29.08.2024;Saturday Night Lights
28.08.2024;Family Festival
28.08.2024;Fitness
28.08.2024;Mobile Unit
28.08.2024;Sport
28.08.2024;Sport
28.08.2024;Sport
28.08.2024;Saturday Night Lights
28.08.2024;Saturday Night Lights
27.08.2024;Arts/Culture
27.08.2024;Family Festival
27.08.2024;Saturday Night Lights
27.08.2024;Arts/Culture
26.08.2024;Saturday Night Lights
25.08.2024;Saturday Night Lights
25.08.2024;Family Festival
24.08.2024;Mobile Unit
24.08.2024;Saturday Night Lights
24.08.2024;Saturday Night Lights
24.08.2024;Family Festival
24.08.2024;Mobile Unit
24.08.2024;Saturday Night Lights
24.08.2024;Mobile Unit
24.08.2024;Saturday Night Lights
24.08.2024;Sport
24.08.2024;Fitness
24.08.2024;Mobile Unit
24.08.2024;Arts/Culture
24.08.2024;Family Festival
24.08.2024;Saturday Night Lights
24.08.2024;Saturday Night Lights
24.08.2024;Sport
24.08.2024;Mobile Unit
24.08.2024;Arts/Culture
24.08.2024;Saturday Night Lights
24.08.2024;Family Festival
24.08.2024;Saturday Night Lights
24.08.2024;Fitness
24.08.2024;Sport
24.08.2024;Saturday Night Lights
23.08.2024;Mobile Unit
23.08.2024;Sport
23.08.2024;Family Festival
23.08.2024;Mobile Unit
23.08.2024;Saturday Night Lights
23.08.2024;Saturday Night Lights
23.08.2024;Saturday Night Lights
23.08.2024;Saturday Night Lights
23.08.2024;Mobile Unit
23.08.2024;Saturday Night Lights
23.08.2024;Saturday Night Lights
22.08.2024;Family Festival
22.08.2024;Saturday Night Lights
22.08.2024;Saturday Night Lights
22.08.2024;Saturday Night Lights
22.08.2024;Saturday Night Lights
22.08.2024;Saturday Night Lights
22.08.2024;Fitness
22.08.2024;Saturday Night Lights
22.08.2024;Mobile Unit
22.08.2024;Saturday Night Lights
22.08.2024;Sport
21.08.2024;Family Festival
21.08.2024;Saturday Night Lights
21.08.2024;Sport
21.08.2024;Saturday Night Lights
21.08.2024;Sport
21.08.2024;Arts/Culture
21.08.2024;Mobile Unit
21.08.2024;Fitness
21.08.2024;Saturday Night Lights
21.08.2024;Saturday Night Lights
21.08.2024;Sport
21.08.2024;Mobile Unit
21.08.2024;Mobile Unit
21.08.2024;Mobile Unit
20.08.2024;Fitness
20.08.2024;Sport
20.08.2024;Sport
20.08.2024;Mobile Unit
20.08.2024;Arts/Culture
19.08.2024;Sport
18.08.2024;Sport
18.08.2024;Mobile Unit
17.08.2024;Saturday Night Lights
17.08.2024;Mobile Unit
17.08.2024;Mobile Unit
17.08.2024;Sport
17.08.2024;Mobile Unit
17.08.2024;Sport
17.08.2024;Arts/Culture
17.08.2024;Mobile Unit
17.08.2024;Saturday Night Lights
17.08.2024;Saturday Night Lights
17.08.2024;Family Festival
17.08.2024;Mobile Unit
17.08.2024;Sport
17.08.2024;Arts/Culture
17.08.2024;Sport
17.08.2024;Family Festival
17.08.2024;Saturday Night Lights
17.08.2024;Saturday Night Lights
17.08.2024;Saturday Night Lights
17.08.2024;Saturday Night Lights
17.08.2024;Sport
17.08.2024;Mobile Unit
17.08.2024;Saturday Night Lights
17.08.2024;Mobile Unit
16.08.2024;Arts/Culture
16.08.2024;Saturday Night Lights
16.08.2024;Saturday Night Lights
16.08.2024;Mobile Unit
16.08.2024;Mobile Unit
16.08.2024;Sport
16.08.2024;Arts/Culture
16.08.2024;Sport
16.08.2024;Family Festival
16.08.2024;Fitness
16.08.2024;Arts/Culture
16.08.2024;Family Festival
15.08.2024;Saturday Night Lights
15.08.2024;Sport
15.08.2024;Family Festival
15.08.2024;Academics/Out of School Time
15.08.2024;Mobile Unit
15.08.2024;Sport
15.08.2024;Fitness
15.08.2024;Saturday Night Lights
15.08.2024;Sport
15.08.2024;Saturday Night Lights
15.08.2024;Family Festival
15.08.2024;Family Festival
15.08.2024;Saturday Night Lights
14.08.2024;Saturday Night Lights
14.08.2024;Saturday Night Lights
14.08.2024;Saturday Night Lights
14.08.2024;Mobile Unit
14.08.2024;Saturday Night Lights
14.08.2024;Saturday Night Lights
14.08.2024;Arts/Culture
14.08.2024;Saturday Night Lights
14.08.2024;Arts/Culture
14.08.2024;Mobile Unit
14.08.2024;Fitness
13.08.2024;Arts/Culture
13.08.2024;Arts/Culture
13.08.2024;Sport
13.08.2024;Mobile Unit
13.08.2024;Saturday Night Lights
13.08.2024;Mobile Unit
13.08.2024;Saturday Night Lights
12.08.2024;Performance
11.08.2024;Mobile Unit
11.08.2024;Fitness
10.08.2024;Arts/Culture
10.08.2024;Mobile Unit
10.08.2024;Saturday Night Lights
10.08.2024;Fitness
10.08.2024;Sport
10.08.2024;Saturday Night Lights
10.08.2024;Mobile Unit
10.08.2024;Mobile Unit
10.08.2024;Saturday Night Lights
10.08.2024;Saturday Night Lights
10.08.2024;Saturday Night Lights
10.08.2024;Saturday Night Lights
10.08.2024;Sport
10.08.2024;Saturday Night Lights
10.08.2024;Arts/Culture
10.08.2024;Mobile Unit
10.08.2024;Family Festival
10.08.2024;Saturday Night Lights
10.08.2024;Mobile Unit
10.08.2024;Arts/Culture
10.08.2024;Saturday Night Lights
10.08.2024;Mobile Unit
10.08.2024;Mobile Unit
10.08.2024;Saturday Night Lights
9.08.2024;Mobile Unit
9.08.2024;Saturday Night Lights
9.08.2024;Arts/Culture
9.08.2024;Mobile Unit
9.08.2024;Arts/Culture
9.08.2024;Saturday Night Lights
9.08.2024;Mobile Unit
9.08.2024;Arts/Culture
8.08.2024;Saturday Night Lights
8.08.2024;Mobile Unit
8.08.2024;Fitness
8.08.2024;Saturday Night Lights
8.08.2024;Family Festival
8.08.2024;Fitness
7.08.2024;Mobile Unit
7.08.2024;Mobile Unit
7.08.2024;Sport
7.08.2024;Mobile Unit
7.08.2024;Arts/Culture
7.08.2024;Arts/Culture
7.08.2024;Saturday Night Lights
7.08.2024;Arts/Culture
7.08.2024;Mobile Unit
7.08.2024;Sport
6.08.2024;Saturday Night Lights
6.08.2024;Saturday Night Lights
6.08.2024;Mobile Unit
6.08.2024;Saturday Night Lights
6.08.2024;Mobile Unit
6.08.2024;Mobile Unit
6.08.2024;Saturday Night Lights
5.08.2024;Mobile Unit
5.08.2024;Mobile Unit
4.08.2024;Arts/Culture
3.08.2024;Saturday Night Lights
3.08.2024;Sport
3.08.2024;Saturday Night Lights
3.08.2024;Mobile Unit
3.08.2024;Arts/Culture
3.08.2024;Saturday Night Lights
3.08.2024;Arts/Culture
3.08.2024;Fitness
3.08.2024;Family Festival
3.08.2024;Mobile Unit
3.08.2024;Saturday Night Lights
3.08.2024;Saturday Night Lights
3.08.2024;Saturday Night Lights
3.08.2024;Sport
3.08.2024;Sport
3.08.2024;Arts/Culture
3.08.2024;Saturday Night Lights
3.08.2024;Mobile Unit
3.08.2024;Mobile Unit
3.08.2024;Saturday Night Lights
3.08.2024;Saturday Night Lights
3.08.2024;Saturday Night Lights
3.08.2024;Saturday Night Lights
3.08.2024;Saturday Night Lights
2.08.2024;Saturday Night Lights
2.08.2024;Saturday Night Lights
2.08.2024;Mobile Unit
2.08.2024;Mobile Unit
2.08.2024;Saturday Night Lights
2.08.2024;Arts/Culture
2.08.2024;Saturday Night Lights
2.08.2024;Saturday Night Lights
2.08.2024;Saturday Night Lights
2.08.2024;Arts/Culture
1.08.2024;Sport
1.08.2024;Saturday Night Lights
1.08.2024;Mobile Unit
1.08.2024;Sport
1.08.2024;Mobile Unit
1.08.2024;Arts/Culture
1.08.2024;Mobile Unit
1.08.2024;Saturday Night Lights
1.08.2024;Family Festival
1.08.2024;Mobile Unit
1.08.2024;Mobile Unit
31.07.2024;Sport
31.07.2024;Saturday Night Lights
31.07.2024;Mobile Unit
31.07.2024;Saturday Night Lights
31.07.2024;Sport
31.07.2024;Mobile Unit
31.07.2024;Family Festival
31.07.2024;Saturday Night Lights
31.07.2024;Arts/Culture
31.07.2024;Mobile Unit
31.07.2024;Mobile Unit
31.07.2024;Saturday Night Lights
30.07.2024;Family Festival
30.07.2024;Sport
30.07.2024;Fitness
30.07.2024;Saturday Night Lights
30.07.2024;Arts/Culture
30.07.2024;Mobile Unit
30.07.2024;Saturday Night Lights
30.07.2024;Fitness
30.07.2024;Saturday Night Lights
28.07.2024;Arts/Culture
28.07.2024;Sport
28.07.2024;Mobile Unit
28.07.2024;Mobile Unit
27.07.2024;Sport
27.07.2024;Sport
27.07.2024;Saturday Night Lights
27.07.2024;Saturday Night Lights
27.07.2024;Sport
27.07.2024;Arts/Culture
27.07.2024;Sport
27.07.2024;Saturday Night Lights
27.07.2024;Sport
27.07.2024;Family Festival
27.07.2024;Mobile Unit
27.07.2024;Mobile Unit
27.07.2024;Saturday Night Lights
27.07.2024;Saturday Night Lights
27.07.2024;Mobile Unit
27.07.2024;Mobile Unit
27.07.2024;Arts/Culture
27.07.2024;Mobile Unit
27.07.2024;Saturday Night Lights
27.07.2024;Fitness
27.07.2024;Saturday Night Lights
27.07.2024;Saturday Night Lights
27.07.2024;Saturday Night Lights
27.07.2024;Mobile Unit
27.07.2024;Mobile Unit
27.07.2024;Mobile Unit
27.07.2024;Mobile Unit
26.07.2024;Mobile Unit
26.07.2024;Saturday Night Lights
26.07.2024;Arts/Culture
26.07.2024;Mobile Unit
26.07.2024;Saturday Night Lights
26.07.2024;Saturday Night Lights
26.07.2024;Mobile Unit
26.07.2024;Mobile Unit
26.07.2024;Mobile Unit
26.07.2024;Sport
26.07.2024;Saturday Night Lights
26.07.2024;Saturday Night Lights
25.07.2024;Sport
25.07.2024;Mobile Unit
25.07.2024;Family Festival
25.07.2024;Saturday Night Lights
25.07.2024;Mobile Unit
25.07.2024;Family Festival
25.07.2024;Mobile Unit
25.07.2024;Saturday Night Lights
25.07.2024;Mobile Unit
25.07.2024;Saturday Night Lights
25.07.2024;Mobile Unit
25.07.2024;Mobile Unit
24.07.2024;Saturday Night Lights
24.07.2024;Mobile Unit
24.07.2024;Mobile Unit
24.07.2024;Saturday Night Lights
24.07.2024;Saturday Night Lights
24.07.2024;Mobile Unit
24.07.2024;Sport
24.07.2024;Saturday Night Lights
24.07.2024;Saturday Night Lights
24.07.2024;Sport
24.07.2024;Saturday Night Lights
24.07.2024;Mobile Unit
24.07.2024;Saturday Night Lights
24.07.2024;Mobile Unit
24.07.2024;Mobile Unit
24.07.2024;Arts/Culture
24.07.2024;Family Festival
23.07.2024;Family Festival
23.07.2024;Sport
23.07.2024;Sport
23.07.2024;Arts/Culture
23.07.2024;Arts/Culture
23.07.2024;Sport
23.07.2024;Saturday Night Lights
23.07.2024;Saturday Night Lights
23.07.2024;Mobile Unit
23.07.2024;Saturday Night Lights
22.07.2024;Arts/Culture
22.07.2024;Saturday Night Lights
22.07.2024;Family Festival
22.07.2024;Saturday Night Lights
21.07.2024;Arts/Culture
21.07.2024;Mobile Unit
21.07.2024;Saturday Night Lights
21.07.2024;Saturday Night Lights
21.07.2024;Saturday Night Lights
21.07.2024;Sport
20.07.2024;Saturday Night Lights
20.07.2024;Mobile Unit
20.07.2024;Saturday Night Lights
20.07.2024;Arts/Culture
20.07.2024;Saturday Night Lights
20.07.2024;Performance
20.07.2024;Mobile Unit
20.07.2024;Mobile Unit
20.07.2024;Mobile Unit
20.07.2024;Arts/Culture
20.07.2024;Fitness
20.07.2024;Saturday Night Lights
20.07.2024;Saturday Night Lights
20.07.2024;Fitness
20.07.2024;Fitness
20.07.2024;Mobile Unit
20.07.2024;Saturday Night Lights
20.07.2024;Mobile Unit
20.07.2024;Saturday Night Lights
20.07.2024;Sport
20.07.2024;Saturday Night Lights
20.07.2024;Sport
20.07.2024;Saturday Night Lights
20.07.2024;Saturday Night Lights
19.07.2024;Saturday Night Lights
19.07.2024;Saturday Night Lights
19.07.2024;Sport
19.07.2024;Saturday Night Lights
19.07.2024;Saturday Night Lights
19.07.2024;Saturday Night Lights
19.07.2024;Sport
19.07.2024;Mobile Unit
19.07.2024;Saturday Night Lights
19.07.2024;Arts/Culture
19.07.2024;Mobile Unit
19.07.2024;Saturday Night Lights
19.07.2024;Mobile Unit
18.07.2024;Fitness
18.07.2024;Saturday Night Lights
18.07.2024;Mobile Unit
18.07.2024;Sport
18.07.2024;Arts/Culture
18.07.2024;Academics/Out of School Time
18.07.2024;Saturday Night Lights
18.07.2024;Mobile Unit
18.07.2024;Saturday Night Lights
18.07.2024;Saturday Night Lights
18.07.2024;Sport
17.07.2024;Nature
17.07.2024;Saturday Night Lights
17.07.2024;Arts/Culture
17.07.2024;Saturday Night Lights
17.07.2024;Mobile Unit
17.07.2024;Saturday Night Lights
17.07.2024;Sport
17.07.2024;Mobile Unit
17.07.2024;Sport
17.07.2024;Mobile Unit
17.07.2024;Saturday Night Lights
17.07.2024;Mobile Unit
17.07.2024;Saturday Night Lights
16.07.2024;Arts/Culture
16.07.2024;Saturday Night Lights
16.07.2024;Mobile Unit
16.07.2024;Mobile Unit
16.07.2024;Sport
16.07.2024;Mobile Unit
16.07.2024;Arts/Culture
16.07.2024;Sport
16.07.2024;Saturday Night Lights
16.07.2024;Mobile Unit
15.07.2024;Saturday Night Lights
15.07.2024;Sport
15.07.2024;Family Festival
14.07.2024;Mobile Unit
14.07.2024;Saturday Night Lights
14.07.2024;Mobile Unit
14.07.2024;Sport
13.07.2024;Saturday Night Lights
13.07.2024;Mobile Unit
13.07.2024;Mobile Unit
13.07.2024;Mobile Unit
13.07.2024;Saturday Night Lights
13.07.2024;Mobile Unit
13.07.2024;Mobile Unit
13.07.2024;Mobile Unit
13.07.2024;Saturday Night Lights
13.07.2024;Arts/Culture
13.07.2024;Sport
13.07.2024;Saturday Night Lights
13.07.2024;Family Festival
13.07.2024;Mobile Unit
13.07.2024;Mobile Unit
13.07.2024;Saturday Night Lights
13.07.2024;Sport
13.07.2024;Saturday Night Lights
13.07.2024;Mobile Unit
13.07.2024;Saturday Night Lights
13.07.2024;Fitness
13.07.2024;Mobile Unit
12.07.2024;Family Festival
12.07.2024;Sport
12.07.2024;Family Festival
12.07.2024;Sport
12.07.2024;Mobile Unit
12.07.2024;Fitness
12.07.2024;Family Festival
12.07.2024;Sport
11.07.2024;Sport
11.07.2024;Sport
11.07.2024;Mobile Unit
11.07.2024;Sport
11.07.2024;Mobile Unit
11.07.2024;Saturday Night Lights
11.07.2024;Saturday Night Lights
11.07.2024;Mobile Unit
11.07.2024;Sport
11.07.2024;Mobile Unit
11.07.2024;Saturday Night Lights
11.07.2024;Sport
11.07.2024;Mobile Unit
10.07.2024;Mobile Unit
10.07.2024;Saturday Night Lights
10.07.2024;Saturday Night Lights
10.07.2024;Mobile Unit
10.07.2024;Saturday Night Lights
10.07.2024;Mobile Unit
10.07.2024;Saturday Night Lights
10.07.2024;Arts/Culture
10.07.2024;Saturday Night Lights
10.07.2024;Sport
10.07.2024;Sport
10.07.2024;Saturday Night Lights
9.07.2024;Mobile Unit
9.07.2024;Fitness
9.07.2024;Mobile Unit
9.07.2024;Mobile Unit
9.07.2024;Saturday Night Lights
9.07.2024;Saturday Night Lights
9.07.2024;Family Festival
9.07.2024;Saturday Night Lights
8.07.2024;Saturday Night Lights
8.07.2024;Saturday Night Lights
8.07.2024;Family Festival
7.07.2024;Arts/Culture
7.07.2024;Saturday Night Lights
6.07.2024;Arts/Culture
6.07.2024;Sport
6.07.2024;Mobile Unit
6.07.2024;Mobile Unit
6.07.2024;Saturday Night Lights
6.07.2024;Fitness
6.07.2024;Arts/Culture
6.07.2024;Mobile Unit
6.07.2024;Mobile Unit
6.07.2024;Mobile Unit
6.07.2024;Mobile Unit
6.07.2024;Sport
6.07.2024;Saturday Night Lights
6.07.2024;Saturday Night Lights
6.07.2024;Mobile Unit
6.07.2024;Family Festival
6.07.2024;Saturday Night Lights
6.07.2024;Mobile Unit
6.07.2024;Mobile Unit
6.07.2024;Saturday Night Lights
6.07.2024;Fitness
6.07.2024;Mobile Unit
5.07.2024;Arts/Culture
5.07.2024;Sport
5.07.2024;Arts/Culture
5.07.2024;Family Festival
5.07.2024;Saturday Night Lights
5.07.2024;Saturday Night Lights
5.07.2024;Saturday Night Lights
5.07.2024;Mobile Unit
3.07.2024;Arts/Culture
3.07.2024;Saturday Night Lights
3.07.2024;Mobile Unit
3.07.2024;Sport
3.07.2024;Arts/Culture
2.07.2024;Family Festival
2.07.2024;Saturday Night Lights
2.07.2024;Saturday Night Lights
2.07.2024;Mobile Unit
2.07.2024;Saturday Night Lights
2.07.2024;Fitness
2.07.2024;Saturday Night Lights
2.07.2024;Sport
1.07.2024;Saturday Night Lights
1.07.2024;Fitness
1.07.2024;Fitness
30.06.2024;Family Festival
30.06.2024;Mobile Unit
29.06.2024;Mobile Unit
29.06.2024;Mobile Unit
29.06.2024;Saturday Night Lights
29.06.2024;Saturday Night Lights
29.06.2024;Saturday Night Lights
29.06.2024;Family Festival
29.06.2024;Mobile Unit
29.06.2024;Sport
29.06.2024;Arts/Culture
29.06.2024;Sport
29.06.2024;Sport
29.06.2024;Mobile Unit
29.06.2024;Mobile Unit
29.06.2024;Sport
29.06.2024;Sport
29.06.2024;Sport
29.06.2024;Mobile Unit
29.06.2024;Saturday Night Lights
29.06.2024;Fitness
29.06.2024;Fitness
29.06.2024;Family Festival
29.06.2024;Saturday Night Lights
29.06.2024;Mobile Unit
29.06.2024;Arts/Culture
29.06.2024;Saturday Night Lights
29.06.2024;Sport
29.06.2024;Sport
29.06.2024;Saturday Night Lights
28.06.2024;Saturday Night Lights
28.06.2024;Fitness
28.06.2024;Saturday Night Lights
28.06.2024;Mobile Unit
28.06.2024;Saturday Night Lights
28.06.2024;Saturday Night Lights
28.06.2024;Performance
28.06.2024;Sport
28.06.2024;Saturday Night Lights
28.06.2024;Family Festival
27.06.2024;Saturday Night Lights
27.06.2024;Mobile Unit
27.06.2024;Saturday Night Lights
27.06.2024;Mobile Unit
27.06.2024;Mobile Unit
27.06.2024;Mobile Unit
27.06.2024;Mobile Unit
27.06.2024;Family Festival
26.06.2024;Sport
26.06.2024;Sport
26.06.2024;Saturday Night Lights
26.06.2024;Mobile Unit
26.06.2024;Saturday Night Lights
26.06.2024;Family Festival
26.06.2024;Mobile Unit
26.06.2024;Saturday Night Lights
26.06.2024;Saturday Night Lights
26.06.2024;Mobile Unit
26.06.2024;Saturday Night Lights
25.06.2024;Sport
25.06.2024;Saturday Night Lights
25.06.2024;Sport
25.06.2024;Sport
25.06.2024;Sport
25.06.2024;Sport
24.06.2024;Mobile Unit
23.06.2024;Saturday Night Lights
23.06.2024;Saturday Night Lights
23.06.2024;Saturday Night Lights
23.06.2024;Saturday Night Lights
22.06.2024;Fitness
22.06.2024;Sport
22.06.2024;Saturday Night Lights
22.06.2024;Mobile Unit
22.06.2024;Arts/Culture
22.06.2024;Saturday Night Lights
22.06.2024;Saturday Night Lights
22.06.2024;Sport
22.06.2024;Saturday Night Lights
22.06.2024;Mobile Unit
22.06.2024;Saturday Night Lights
22.06.2024;Mobile Unit
22.06.2024;Sport
22.06.2024;Mobile Unit
22.06.2024;Sport
22.06.2024;Arts/Culture
22.06.2024;Mobile Unit
22.06.2024;Fitness
22.06.2024;Mobile Unit
22.06.2024;Saturday Night Lights
22.06.2024;Saturday Night Lights
22.06.2024;Saturday Night Lights
22.06.2024;Saturday Night Lights
22.06.2024;Mobile Unit
22.06.2024;Sport
22.06.2024;Arts/Culture
22.06.2024;Family Festival
22.06.2024;Mobile Unit
21.06.2024;Mobile Unit
21.06.2024;Saturday Night Lights
21.06.2024;Sport
21.06.2024;Academics/Out of School Time
21.06.2024;Saturday Night Lights
21.06.2024;Family Festival
21.06.2024;Saturday Night Lights
21.06.2024;Mobile Unit
21.06.2024;Sport
21.06.2024;Sport
21.06.2024;Family Festival
21.06.2024;Saturday Night Lights
21.06.2024;Mobile Unit
21.06.2024;Saturday Night Lights
21.06.2024;Family Festival
21.06.2024;Sport
21.06.2024;Mobile Unit
20.06.2024;Family Festival
20.06.2024;Mobile Unit
20.06.2024;Sport
20.06.2024;Saturday Night Lights
20.06.2024;Saturday Night Lights
20.06.2024;Saturday Night Lights
20.06.2024;Mobile Unit
20.06.2024;Mobile Unit
19.06.2024;Sport
19.06.2024;Arts/Culture
19.06.2024;Saturday Night Lights
19.06.2024;Sport
19.06.2024;Mobile Unit
19.06.2024;Saturday Night Lights
19.06.2024;Saturday Night Lights
18.06.2024;Saturday Night Lights
18.06.2024;Sport
18.06.2024;Fitness
18.06.2024;Mobile Unit
18.06.2024;Saturday Night Lights
18.06.2024;Saturday Night Lights
18.06.2024;Mobile Unit
17.06.2024;Saturday Night Lights
16.06.2024;Saturday Night Lights
16.06.2024;Family Festival
16.06.2024;Arts/Culture
16.06.2024;Mobile Unit
16.06.2024;Saturday Night Lights
15.06.2024;Sport
15.06.2024;Sport
15.06.2024;Saturday Night Lights
15.06.2024;Saturday Night Lights
15.06.2024;Saturday Night Lights
15.06.2024;Sport
15.06.2024;Arts/Culture
15.06.2024;Mobile Unit
15.06.2024;Mobile Unit
15.06.2024;Saturday Night Lights
15.06.2024;Saturday Night Lights
15.06.2024;Saturday Night Lights
15.06.2024;Saturday Night Lights
15.06.2024;Saturday Night Lights
15.06.2024;Arts/Culture
15.06.2024;Mobile Unit
15.06.2024;Mobile Unit
15.06.2024;Family Festival
15.06.2024;Mobile Unit
15.06.2024;Mobile Unit
15.06.2024;Sport
15.06.2024;Arts/Culture
15.06.2024;Saturday Night Lights
15.06.2024;Family Festival
15.06.2024;Mobile Unit
15.06.2024;Arts/Culture
15.06.2024;Arts/Culture
15.06.2024;Family Festival
15.06.2024;Fitness
15.06.2024;Saturday Night Lights
15.06.2024;Sport
15.06.2024;Saturday Night Lights
14.06.2024;Saturday Night Lights
14.06.2024;Saturday Night Lights
14.06.2024;Sport
14.06.2024;Mobile Unit
14.06.2024;Saturday Night Lights
14.06.2024;Mobile Unit
14.06.2024;Arts/Culture
14.06.2024;Mobile Unit
14.06.2024;Sport
14.06.2024;Fitness
14.06.2024;Saturday Night Lights
14.06.2024;Mobile Unit
14.06.2024;Sport
14.06.2024;Saturday Night Lights
14.06.2024;Arts/Culture
14.06.2024;Saturday Night Lights
13.06.2024;Mobile Unit
13.06.2024;Saturday Night Lights
13.06.2024;Arts/Culture
13.06.2024;Sport
13.06.2024;Saturday Night Lights
13.06.2024;Saturday Night Lights
13.06.2024;Saturday Night Lights
12.06.2024;Mobile Unit
12.06.2024;Family Festival
12.06.2024;Saturday Night Lights
12.06.2024;Mobile Unit
12.06.2024;Mobile Unit
12.06.2024;Mobile Unit
12.06.2024;Sport
11.06.2024;Sport
11.06.2024;Arts/Culture
11.06.2024;Performance
11.06.2024;Mobile Unit
11.06.2024;Mobile Unit
11.06.2024;Mobile Unit
11.06.2024;Saturday Night Lights
9.06.2024;Mobile Unit
9.06.2024;Arts/Culture
9.06.2024;Family Festival
8.06.2024;Mobile Unit
8.06.2024;Saturday Night Lights
8.06.2024;Mobile Unit
8.06.2024;Mobile Unit
8.06.2024;Saturday Night Lights
8.06.2024;Mobile Unit
8.06.2024;Saturday Night Lights
8.06.2024;Mobile Unit
8.06.2024;Mobile Unit
8.06.2024;Mobile Unit
8.06.2024;Sport
8.06.2024;Mobile Unit
8.06.2024;Mobile Unit
8.06.2024;Saturday Night Lights
8.06.2024;Saturday Night Lights
8.06.2024;Mobile Unit
8.06.2024;Saturday Night Lights
8.06.2024;Saturday Night Lights
8.06.2024;Saturday Night Lights
8.06.2024;Saturday Night Lights
8.06.2024;Mobile Unit
8.06.2024;Saturday Night Lights
8.06.2024;Mobile Unit
8.06.2024;Mobile Unit
8.06.2024;Mobile Unit
8.06.2024;Mobile Unit
8.06.2024;Mobile Unit
8.06.2024;Mobile Unit
8.06.2024;Saturday Night Lights
8.06.2024;Mobile Unit
8.06.2024;Saturday Night Lights
8.06.2024;Academics/Out of School Time
8.06.2024;Mobile Unit
8.06.2024;Family Festival
7.06.2024;Saturday Night Lights
7.06.2024;Saturday Night Lights
7.06.2024;Fitness
7.06.2024;Mobile Unit
7.06.2024;Family Festival
7.06.2024;Mobile Unit
7.06.2024;Sport
6.06.2024;Saturday Night Lights
6.06.2024;Arts/Culture
6.06.2024;Mobile Unit
6.06.2024;Mobile Unit
6.06.2024;Sport
6.06.2024;Mobile Unit
6.06.2024;Mobile Unit
6.06.2024;Saturday Night Lights
5.06.2024;Mobile Unit
5.06.2024;Mobile Unit
5.06.2024;Saturday Night Lights
5.06.2024;Mobile Unit
5.06.2024;Sport
5.06.2024;Arts/Culture
5.06.2024;Mobile Unit
5.06.2024;Saturday Night Lights
5.06.2024;Saturday Night Lights
5.06.2024;Saturday Night Lights
5.06.2024;Saturday Night Lights
5.06.2024;Mobile Unit
4.06.2024;Mobile Unit
4.06.2024;Saturday Night Lights
4.06.2024;Family Festival
4.06.2024;Fitness
3.06.2024;Fitness
2.06.2024;Arts/Culture
2.06.2024;Saturday Night Lights
2.06.2024;Saturday Night Lights
1.06.2024;Sport
1.06.2024;Sport
1.06.2024;Saturday Night Lights
1.06.2024;Family Festival
1.06.2024;Fitness
1.06.2024;Arts/Culture
1.06.2024;Mobile Unit
1.06.2024;Sport
1.06.2024;Saturday Night Lights
1.06.2024;Mobile Unit
1.06.2024;Fitness
1.06.2024;Mobile Unit
1.06.2024;Mobile Unit
1.06.2024;Mobile Unit
1.06.2024;Mobile Unit
1.06.2024;Mobile Unit
1.06.2024;Sport
1.06.2024;Mobile Unit
1.06.2024;Sport
1.06.2024;Arts/Culture
1.06.2024;Fitness
1.06.2024;Sport
1.06.2024;Saturday Night Lights
1.06.2024;Mobile Unit
1.06.2024;Sport
1.06.2024;Arts/Culture
1.06.2024;Saturday Night Lights
1.06.2024;Arts/Culture
1.06.2024;Saturday Night Lights
1.06.2024;Sport
1.06.2024;Sport
31.05.2024;Saturday Night Lights
31.05.2024;Saturday Night Lights
31.05.2024;Saturday Night Lights
31.05.2024;Saturday Night Lights
31.05.2024;Family Festival
31.05.2024;Family Festival
31.05.2024;Mobile Unit
31.05.2024;Mobile Unit
31.05.2024;Arts/Culture
31.05.2024;Sport
31.05.2024;Mobile Unit
31.05.2024;Mobile Unit
31.05.2024;Saturday Night Lights
30.05.2024;Saturday Night Lights
30.05.2024;Mobile Unit
30.05.2024;Mobile Unit
30.05.2024;Sport
29.05.2024;Fitness
29.05.2024;Mobile Unit
29.05.2024;Saturday Night Lights
29.05.2024;Family Festival
29.05.2024;Saturday Night Lights
28.05.2024;Arts/Culture
28.05.2024;Mobile Unit
28.05.2024;Sport
26.05.2024;Mobile Unit
26.05.2024;Sport
25.05.2024;Saturday Night Lights
25.05.2024;Saturday Night Lights
25.05.2024;Arts/Culture
25.05.2024;Mobile Unit
25.05.2024;Mobile Unit
25.05.2024;Mobile Unit
25.05.2024;Saturday Night Lights
25.05.2024;Mobile Unit
25.05.2024;Fitness
25.05.2024;Saturday Night Lights
25.05.2024;Saturday Night Lights
25.05.2024;Family Festival
25.05.2024;Mobile Unit
25.05.2024;Saturday Night Lights
25.05.2024;Saturday Night Lights
25.05.2024;Mobile Unit
25.05.2024;Mobile Unit
25.05.2024;Mobile Unit
25.05.2024;Mobile Unit
25.05.2024;Mobile Unit
25.05.2024;Arts/Culture
25.05.2024;Sport
25.05.2024;Arts/Culture
24.05.2024;Saturday Night Lights
24.05.2024;Sport
24.05.2024;Arts/Culture
24.05.2024;Mobile Unit
24.05.2024;Arts/Culture
24.05.2024;Sport
24.05.2024;Sport
23.05.2024;Saturday Night Lights
23.05.2024;Sport
23.05.2024;Sport
23.05.2024;Mobile Unit
23.05.2024;Arts/Culture
22.05.2024;Arts/Culture
22.05.2024;Saturday Night Lights
22.05.2024;Mobile Unit
22.05.2024;Mobile Unit
22.05.2024;Mobile Unit
22.05.2024;Mobile Unit
22.05.2024;Saturday Night Lights
21.05.2024;Saturday Night Lights
21.05.2024;Saturday Night Lights
21.05.2024;Family Festival
21.05.2024;Saturday Night Lights
20.05.2024;Sport
20.05.2024;Saturday Night Lights
19.05.2024;Saturday Night Lights
19.05.2024;Sport
18.05.2024;Mobile Unit
18.05.2024;Mobile Unit
18.05.2024;Saturday Night Lights
18.05.2024;Saturday Night Lights
18.05.2024;Mobile Unit
18.05.2024;Mobile Unit
18.05.2024;Saturday Night Lights
18.05.2024;Arts/Culture
18.05.2024;Mobile Unit
18.05.2024;Sport
18.05.2024;Mobile Unit
18.05.2024;Sport
18.05.2024;Saturday Night Lights
18.05.2024;Mobile Unit
18.05.2024;Performance
18.05.2024;Arts/Culture
18.05.2024;Mobile Unit
18.05.2024;Saturday Night Lights
18.05.2024;Saturday Night Lights
18.05.2024;Arts/Culture
18.05.2024;Arts/Culture
18.05.2024;Saturday Night Lights
18.05.2024;Saturday Night Lights
18.05.2024;Mobile Unit
18.05.2024;Saturday Night Lights
18.05.2024;Saturday Night Lights
18.05.2024;Saturday Night Lights
18.05.2024;Saturday Night Lights
17.05.2024;Saturday Night Lights
17.05.2024;Saturday Night Lights
17.05.2024;Saturday Night Lights
17.05.2024;Saturday Night Lights
17.05.2024;Mobile Unit
17.05.2024;Mobile Unit
17.05.2024;Arts/Culture
16.05.2024;Sport
16.05.2024;Saturday Night Lights
16.05.2024;Saturday Night Lights
15.05.2024;Sport
15.05.2024;Saturday Night Lights
15.05.2024;Saturday Night Lights
15.05.2024;Arts/Culture
15.05.2024;Mobile Unit
14.05.2024;Mobile Unit
14.05.2024;Sport
13.05.2024;Sport
12.05.2024;Saturday Night Lights
11.05.2024;Sport
11.05.2024;Mobile Unit
11.05.2024;Mobile Unit
11.05.2024;Saturday Night Lights
11.05.2024;Arts/Culture
11.05.2024;Mobile Unit
11.05.2024;Sport
11.05.2024;Family Festival
11.05.2024;Performance
11.05.2024;Saturday Night Lights
11.05.2024;Saturday Night Lights
11.05.2024;Saturday Night Lights
11.05.2024;Saturday Night Lights
11.05.2024;Saturday Night Lights
11.05.2024;Family Festival
11.05.2024;Sport
11.05.2024;Saturday Night Lights
11.05.2024;Mobile Unit
11.05.2024;Mobile Unit
11.05.2024;Fitness
11.05.2024;Saturday Night Lights
11.05.2024;Saturday Night Lights
11.05.2024;Saturday Night Lights
11.05.2024;Saturday Night Lights
11.05.2024;Fitness
10.05.2024;Saturday Night Lights
10.05.2024;Arts/Culture
10.05.2024;Fitness
10.05.2024;Saturday Night Lights
10.05.2024;Saturday Night Lights
10.05.2024;Sport
10.05.2024;Saturday Night Lights
10.05.2024;Mobile Unit
10.05.2024;Saturday Night Lights
10.05.2024;Sport
10.05.2024;Saturday Night Lights
10.05.2024;Sport
9.05.2024;Mobile Unit
9.05.2024;Saturday Night Lights
9.05.2024;Saturday Night Lights
9.05.2024;Arts/Culture
9.05.2024;Sport
9.05.2024;Arts/Culture
9.05.2024;Mobile Unit
8.05.2024;Saturday Night Lights
8.05.2024;Saturday Night Lights
8.05.2024;Saturday Night Lights
8.05.2024;Sport
8.05.2024;Mobile Unit
8.05.2024;Saturday Night Lights
8.05.2024;Saturday Night Lights
4.05.2024;Arts/Culture
4.05.2024;Saturday Night Lights
4.05.2024;Saturday Night Lights
4.05.2024;Mobile Unit
4.05.2024;Saturday Night Lights
4.05.2024;Family Festival
4.05.2024;Saturday Night Lights
4.05.2024;Sport
4.05.2024;Saturday Night Lights
4.05.2024;Mobile Unit
4.05.2024;Mobile Unit
4.05.2024;Mobile Unit
4.05.2024;Saturday Night Lights
4.05.2024;Family Festival
4.05.2024;Mobile Unit
4.05.2024;Saturday Night Lights
4.05.2024;Saturday Night Lights
4.05.2024;Sport
4.05.2024;Mobile Unit
4.05.2024;Saturday Night Lights
4.05.2024;Sport
4.05.2024;Mobile Unit
4.05.2024;Arts/Culture
4.05.2024;Mobile Unit
4.05.2024;Mobile Unit
4.05.2024;Sport
4.05.2024;Fitness
4.05.2024;Mobile Unit
3.05.2024;Saturday Night Lights
3.05.2024;Saturday Night Lights
3.05.2024;Sport
3.05.2024;Saturday Night Lights
2.05.2024;Saturday Night Lights
2.05.2024;Sport
2.05.2024;Mobile Unit
2.05.2024;Sport
2.05.2024;Sport
2.05.2024;Mobile Unit
2.05.2024;Fitness
2.05.2024;Fitness
1.05.2024;Mobile Unit
1.05.2024;Saturday Night Lights
1.05.2024;Saturday Night Lights
30.04.2024;Sport
29.04.2024;Saturday Night Lights
29.04.2024;Saturday Night Lights
28.04.2024;Sport
27.04.2024;Fitness
27.04.2024;Saturday Night Lights
27.04.2024;Saturday Night Lights
27.04.2024;Mobile Unit
27.04.2024;Mobile Unit
27.04.2024;Mobile Unit
27.04.2024;Saturday Night Lights
27.04.2024;Saturday Night Lights
27.04.2024;Mobile Unit
27.04.2024;Sport
27.04.2024;Mobile Unit
27.04.2024;Sport
27.04.2024;Saturday Night Lights
27.04.2024;Mobile Unit
27.04.2024;Sport
27.04.2024;Sport
27.04.2024;Fitness
27.04.2024;Mobile Unit
27.04.2024;Mobile Unit
27.04.2024;Mobile Unit
27.04.2024;Arts/Culture
27.04.2024;Saturday Night Lights
26.04.2024;Family Festival
26.04.2024;Mobile Unit
26.04.2024;Saturday Night Lights
26.04.2024;Mobile Unit
26.04.2024;Saturday Night Lights
26.04.2024;Family Festival
25.04.2024;Mobile Unit
25.04.2024;Saturday Night Lights
25.04.2024;Saturday Night Lights
25.04.2024;Saturday Night Lights
25.04.2024;Saturday Night Lights
25.04.2024;Mobile Unit
25.04.2024;Mobile Unit
25.04.2024;Mobile Unit
24.04.2024;Saturday Night Lights
24.04.2024;Mobile Unit
24.04.2024;Mobile Unit
24.04.2024;Arts/Culture
23.04.2024;Saturday Night Lights
22.04.2024;Fitness
21.04.2024;Saturday Night Lights
21.04.2024;Arts/Culture
21.04.2024;Saturday Night Lights
21.04.2024;Performance
21.04.2024;Saturday Night Lights
21.04.2024;Arts/Culture
21.04.2024;Arts/Culture
20.04.2024;Family Festival
20.04.2024;Saturday Night Lights
20.04.2024;Mobile Unit
20.04.2024;Sport
20.04.2024;Saturday Night Lights
20.04.2024;Mobile Unit
20.04.2024;Saturday Night Lights
20.04.2024;Fitness
20.04.2024;Mobile Unit
20.04.2024;Saturday Night Lights
20.04.2024;Saturday Night Lights
20.04.2024;Sport
20.04.2024;Saturday Night Lights
20.04.2024;Saturday Night Lights
20.04.2024;Saturday Night Lights
20.04.2024;Arts/Culture
20.04.2024;Saturday Night Lights
20.04.2024;Sport
20.04.2024;Sport
19.04.2024;Sport
19.04.2024;Saturday Night Lights
19.04.2024;Saturday Night Lights
19.04.2024;Arts/Culture
18.04.2024;Arts/Culture
17.04.2024;Arts/Culture
17.04.2024;Saturday Night Lights
17.04.2024;Family Festival
16.04.2024;Arts/Culture
14.04.2024;Saturday Night Lights
14.04.2024;Mobile Unit
14.04.2024;Saturday Night Lights
13.04.2024;Fitness
13.04.2024;Fitness
13.04.2024;Saturday Night Lights
13.04.2024;Saturday Night Lights
13.04.2024;Mobile Unit
13.04.2024;Saturday Night Lights
13.04.2024;Mobile Unit
13.04.2024;Saturday Night Lights
13.04.2024;Saturday Night Lights
13.04.2024;Mobile Unit
13.04.2024;Saturday Night Lights
13.04.2024;Mobile Unit
13.04.2024;Mobile Unit
13.04.2024;Fitness
13.04.2024;Saturday Night Lights
13.04.2024;Mobile Unit
13.04.2024;Saturday Night Lights
13.04.2024;Saturday Night Lights
13.04.2024;Sport
13.04.2024;Sport
12.04.2024;Sport
12.04.2024;Sport
11.04.2024;Arts/Culture
10.04.2024;Saturday Night Lights
10.04.2024;Sport
10.04.2024;Mobile Unit
6.04.2024;Arts/Culture
6.04.2024;Saturday Night Lights
6.04.2024;Saturday Night Lights
6.04.2024;Saturday Night Lights
6.04.2024;Arts/Culture
6.04.2024;Saturday Night Lights
6.04.2024;Arts/Culture
6.04.2024;Arts/Culture
6.04.2024;Mobile Unit
6.04.2024;Saturday Night Lights
6.04.2024;Fitness
6.04.2024;Mobile Unit
6.04.2024;Arts/Culture
6.04.2024;Mobile Unit
6.04.2024;Arts/Culture
6.04.2024;Mobile Unit
6.04.2024;Mobile Unit
6.04.2024;Academics/Out of School Time
6.04.2024;Saturday Night Lights
6.04.2024;Fitness
6.04.2024;Saturday Night Lights
6.04.2024;Sport
5.04.2024;Arts/Culture
4.04.2024;Mobile Unit
4.04.2024;Saturday Night Lights
3.04.2024;Mobile Unit
3.04.2024;Sport
30.03.2024;Mobile Unit
30.03.2024;Saturday Night Lights
30.03.2024;Mobile Unit
30.03.2024;Saturday Night Lights
30.03.2024;Arts/Culture
30.03.2024;Saturday Night Lights
30.03.2024;Arts/Culture
30.03.2024;Arts/Culture
30.03.2024;Fitness
30.03.2024;Mobile Unit
30.03.2024;Saturday Night Lights
30.03.2024;Sport
30.03.2024;Mobile Unit
30.03.2024;Sport
30.03.2024;Saturday Night Lights
30.03.2024;Saturday Night Lights
30.03.2024;Saturday Night Lights
30.03.2024;Mobile Unit
29.03.2024;Saturday Night Lights
29.03.2024;Sport
29.03.2024;Arts/Culture
27.03.2024;Mobile Unit
27.03.2024;Saturday Night Lights
27.03.2024;Saturday Night Lights
23.03.2024;Mobile Unit
23.03.2024;Sport
23.03.2024;Saturday Night Lights
23.03.2024;Sport
23.03.2024;Family Festival
23.03.2024;Saturday Night Lights
23.03.2024;Saturday Night Lights
23.03.2024;Saturday Night Lights
23.03.2024;Arts/Culture
23.03.2024;Mobile Unit
23.03.2024;Saturday Night Lights
23.03.2024;Saturday Night Lights
23.03.2024;Saturday Night Lights
23.03.2024;Mobile Unit
23.03.2024;Mobile Unit
23.03.2024;Mobile Unit
23.03.2024;Sport
22.03.2024;Saturday Night Lights
22.03.2024;Mobile Unit
22.03.2024;Mobile Unit
22.03.2024;Mobile Unit
21.03.2024;Mobile Unit
21.03.2024;Sport
21.03.2024;Saturday Night Lights
20.03.2024;Mobile Unit
19.03.2024;Performance
19.03.2024;Saturday Night Lights
19.03.2024;Sport
16.03.2024;Sport
16.03.2024;Saturday Night Lights
16.03.2024;Saturday Night Lights
16.03.2024;Family Festival
16.03.2024;Arts/Culture
16.03.2024;Saturday Night Lights
16.03.2024;Sport
16.03.2024;Arts/Culture
16.03.2024;Saturday Night Lights
16.03.2024;Sport
16.03.2024;Saturday Night Lights
16.03.2024;Mobile Unit
16.03.2024;Sport
16.03.2024;Saturday Night Lights
16.03.2024;Sport
16.03.2024;Mobile Unit
15.03.2024;Mobile Unit
15.03.2024;Mobile Unit
14.03.2024;Arts/Culture
13.03.2024;Mobile Unit
12.03.2024;Arts/Culture
12.03.2024;Mobile Unit
12.03.2024;Saturday Night Lights
11.03.2024;Saturday Night Lights
10.03.2024;Sport
9.03.2024;Mobile Unit
9.03.2024;Saturday Night Lights
9.03.2024;Mobile Unit
9.03.2024;Mobile Unit
9.03.2024;Mobile Unit
9.03.2024;Academics/Out of School Time
9.03.2024;Family Festival
9.03.2024;Sport
9.03.2024;Arts/Culture
9.03.2024;Mobile Unit
9.03.2024;Saturday Night Lights
9.03.2024;Mobile Unit
9.03.2024;Saturday Night Lights
9.03.2024;Fitness
9.03.2024;Saturday Night Lights
9.03.2024;Mobile Unit
9.03.2024;Arts/Culture
9.03.2024;Arts/Culture
8.03.2024;Family Festival
8.03.2024;Saturday Night Lights
8.03.2024;Mobile Unit
7.03.2024;Mobile Unit
7.03.2024;Saturday Night Lights
5.03.2024;Mobile Unit
5.03.2024;Arts/Culture
5.03.2024;Mobile Unit
3.03.2024;Sport
3.03.2024;Saturday Night Lights
3.03.2024;Saturday Night Lights
2.03.2024;Mobile Unit
2.03.2024;Mobile Unit
2.03.2024;Saturday Night Lights
2.03.2024;Saturday Night Lights
2.03.2024;Saturday Night Lights
2.03.2024;Sport
2.03.2024;Saturday Night Lights
2.03.2024;Sport
2.03.2024;Mobile Unit
2.03.2024;Saturday Night Lights
2.03.2024;Saturday Night Lights
2.03.2024;Mobile Unit
2.03.2024;Mobile Unit
2.03.2024;Saturday Night Lights
2.03.2024;Saturday Night Lights
2.03.2024;Mobile Unit
2.03.2024;Mobile Unit
2.03.2024;Saturday Night Lights
2.03.2024;Mobile Unit
1.03.2024;Arts/Culture
1.03.2024;Family Festival
1.03.2024;Saturday Night Lights
29.02.2024;Sport
28.02.2024;Mobile Unit
28.02.2024;Mobile Unit
27.02.2024;Mobile Unit
25.02.2024;Fitness
24.02.2024;Saturday Night Lights
24.02.2024;Saturday Night Lights
24.02.2024;Mobile Unit
24.02.2024;Arts/Culture
24.02.2024;Mobile Unit
24.02.2024;Saturday Night Lights
24.02.2024;Saturday Night Lights
24.02.2024;Mobile Unit
24.02.2024;Saturday Night Lights
24.02.2024;Mobile Unit
24.02.2024;Mobile Unit
24.02.2024;Sport
24.02.2024;Saturday Night Lights
24.02.2024;Saturday Night Lights
24.02.2024;Mobile Unit
24.02.2024;Sport
24.02.2024;Mobile Unit
24.02.2024;Saturday Night Lights
24.02.2024;Saturday Night Lights
23.02.2024;Saturday Night Lights
23.02.2024;Sport
23.02.2024;Saturday Night Lights
23.02.2024;Mobile Unit
23.02.2024;Saturday Night Lights
22.02.2024;Saturday Night Lights
21.02.2024;Sport
21.02.2024;Mobile Unit
21.02.2024;Arts/Culture
21.02.2024;Mobile Unit
19.02.2024;Saturday Night Lights
19.02.2024;Fitness
19.02.2024;Arts/Culture
18.02.2024;Saturday Night Lights
18.02.2024;Mobile Unit
17.02.2024;Family Festival
17.02.2024;Saturday Night Lights
17.02.2024;Mobile Unit
17.02.2024;Saturday Night Lights
17.02.2024;Sport
17.02.2024;Saturday Night Lights
17.02.2024;Saturday Night Lights
17.02.2024;Mobile Unit
17.02.2024;Mobile Unit
17.02.2024;Mobile Unit
17.02.2024;Sport
17.02.2024;Saturday Night Lights
17.02.2024;Arts/Culture
17.02.2024;Sport
17.02.2024;Saturday Night Lights
17.02.2024;Saturday Night Lights
17.02.2024;Arts/Culture
17.02.2024;Fitness
17.02.2024;Fitness
16.02.2024;Saturday Night Lights
16.02.2024;Saturday Night Lights
16.02.2024;Mobile Unit
16.02.2024;Mobile Unit
14.02.2024;Mobile Unit
14.02.2024;Mobile Unit
14.02.2024;Arts/Culture
13.02.2024;Mobile Unit
12.02.2024;Saturday Night Lights
11.02.2024;Mobile Unit
10.02.2024;Academics/Out of School Time
10.02.2024;Academics/Out of School Time
10.02.2024;Nature
10.02.2024;Nature
10.02.2024;Nature
10.02.2024;Academics/Out of School Time
10.02.2024;Nature
10.02.2024;Academics/Out of School Time
10.02.2024;Academics/Out of School Time
10.02.2024;Nature
10.02.2024;Academics/Out of School Time
10.02.2024;Nature
10.02.2024;Nature
10.02.2024;Family Festival
10.02.2024;Family Festival
10.02.2024;Nature
10.02.2024;Family Festival
10.02.2024;Nature
10.02.2024;Nature
9.02.2024;Sport
9.02.2024;Family Festival
9.02.2024;Nature
8.02.2024;Sport
8.02.2024;Nature
7.02.2024;Family Festival
7.02.2024;Nature
6.02.2024;Nature
5.02.2024;Nature
5.02.2024;Nature
5.02.2024;Nature
4.02.2024;Nature
4.02.2024;Nature
3.02.2024;Nature
3.02.2024;Nature
3.02.2024;Nature
3.02.2024;Nature
3.02.2024;Nature
3.02.2024;Nature
3.02.2024;Nature
3.02.2024;Nature
3.02.2024;Nature
3.02.2024;Nature
3.02.2024;Nature
3.02.2024;Family Festival
3.02.2024;Nature
3.02.2024;Nature
3.02.2024;Nature
2.02.2024;Family Festival
2.02.2024;Family Festival
2.02.2024;Academics/Out of School Time
2.02.2024;Arts/Culture
2.02.2024;Nature
2.02.2024;Family Festival
31.01.2024;Nature
31.01.2024;Nature
31.01.2024;Academics/Out of School Time
31.01.2024;Nature
31.01.2024;Nature
30.01.2024;Nature
30.01.2024;Family Festival
29.01.2024;Nature
28.01.2024;Nature
28.01.2024;Nature
28.01.2024;Family Festival
27.01.2024;Nature
27.01.2024;Performance
27.01.2024;Family Festival
27.01.2024;Family Festival
27.01.2024;Nature
27.01.2024;Family Festival
27.01.2024;Nature
27.01.2024;Academics/Out of School Time
27.01.2024;Family Festival
27.01.2024;Family Festival
27.01.2024;Family Festival
27.01.2024;Nature
27.01.2024;Family Festival
27.01.2024;Nature
27.01.2024;Nature
26.01.2024;Nature
26.01.2024;Nature
26.01.2024;Family Festival
26.01.2024;Family Festival
26.01.2024;Family Festival
25.01.2024;Nature
25.01.2024;Nature
24.01.2024;Nature
24.01.2024;KIM
24.01.2024;Family Festival
24.01.2024;Arts/Culture
23.01.2024;Nature
23.01.2024;Nature
22.01.2024;Nature
21.01.2024;Family Festival
20.01.2024;Family Festival
20.01.2024;Family Festival
20.01.2024;Family Festival
20.01.2024;Family Festival
20.01.2024;Fitness
20.01.2024;Family Festival
20.01.2024;Family Festival
20.01.2024;Nature
20.01.2024;Family Festival
20.01.2024;Family Festival
20.01.2024;Family Festival
20.01.2024;Family Festival
20.01.2024;Nature
20.01.2024;Nature
20.01.2024;Family Festival
20.01.2024;Nature
20.01.2024;Sport
20.01.2024;Nature
20.01.2024;Nature
20.01.2024;Nature
20.01.2024;Family Festival
19.01.2024;Arts/Culture
19.01.2024;Nature
17.01.2024;Nature
16.01.2024;Sport
16.01.2024;Sport
15.01.2024;Sport
15.01.2024;Sport
14.01.2024;Sport
13.01.2024;Sport
13.01.2024;Sport
13.01.2024;Sport
13.01.2024;Sport
13.01.2024;Sport
13.01.2024;Nature
13.01.2024;Nature
13.01.2024;Nature
13.01.2024;Arts/Culture
13.01.2024;Academics/Out of School Time
13.01.2024;Family Festival
13.01.2024;Family Festival
13.01.2024;Nature
13.01.2024;Academics/Out of School Time
13.01.2024;Nature
13.01.2024;Nature
13.01.2024;Academics/Out of School Time
12.01.2024;Family Festival
12.01.2024;Nature
11.01.2024;Nature
10.01.2024;Nature
8.01.2024;Nature
7.01.2024;Sport
6.01.2024;Family Festival
6.01.2024;Nature
6.01.2024;Family Festival
6.01.2024;Arts/Culture
6.01.2024;Nature
6.01.2024;Nature
6.01.2024;Nature
6.01.2024;Family Festival
6.01.2024;Family Festival
6.01.2024;Nature
6.01.2024;Nature
6.01.2024;Family Festival
6.01.2024;Academics/Out of School Time
6.01.2024;Family Festival
6.01.2024;Academics/Out of School Time
6.01.2024;Academics/Out of School Time
6.01.2024;Academics/Out of School Time
6.01.2024;Nature
5.01.2024;Family Festival
5.01.2024;Nature
3.01.2024;Nature
